Modelo,Test Loss,Test Accuracy
Transfer MobileNetV2,0.5544442534446716,0.8083999752998352
CNN 2,1.1327943801879883,0.6331999897956848
CNN 1,1.0637282133102417,0.6317999958992004
